source,target
/cli,https://app.bitrise.io/cli
/swift,/
/users/sign_up,https://app.bitrise.io/users/sign_up
/customer-success-stories-g,/customer-stories
/why-features-continuous-integration,/platform/bitrise-ci
/features/workflow-editor/run-the-same-config-locally,/platform/devops/steps-and-workflows
/features/workflow-editor,/platform/devops/steps-and-workflows
/mobile-devops,/platform/mobile-devops
/features/workflow-editor/define-what-to-build-when-with-triggers,/platform/devops/steps-and-workflows
/security-policy,/platform/devops/security
/pricing/teams,/pricing
/community/advocacy-program,/
/features/workflow-editor/open-source,/platform/devops/steps-and-workflows
/features/cross-platform-features/project-scanner,/platform/mobile-devops
/cookie_policy,/cookie-policy
/security_policy,/platform/devops/security
/features/cross-platform-features/effortless-code-signing,/platform/mobile-devops
/why/audience/mobile-finance-and-banking-webinar-on-demand,https://yo.bitrise.io/mobile-finance-and-banking-webinar-2020-registration.html
/dummy-home,/dummy-autopilot
/features/enterprise-build-platform,/platform/devops/build-platform
/jobs/jobs,/careers
/features/ios-features,/solutions/technologies/ios
/why/audience/fintech-mobile-disruption-webinar-on-demand-watch,/webinar/mobile-finance-and-banking-webinar-2020-video
/why/industries/finance-and-banking,/why/industries/finance-banking
/community/bitrise-advocacy-program,/
/pricing-page-new,/pricing
/features/workflow-editor/chain-workflows-together,/platform/devops/steps-and-workflows
/presskit/jobs,/press/kit
/continuous-integration,/platform/bitrise-ci
/security,/platform/devops/security
/features/jobs,/careers
/customer-stories/fammbytimers,/customer-stories
/privacy-policy,/legal
/pricing-page,/pricing
/pricing/enterprises,/pricing
/integrations/jobs/jobs,/integrations
/downloads/mobile-ci-after-jenkins-6-lessons-learned-b,https://yo.bitrise.io/mobile-ci-after-jenkins
/pricing-old-2,/pricing
/book-a-demo-success-new,/book-demo-succes
/careers/customer-success,/careers/customer-experience
/downloads/mobile-finance-and-banking-webinar-on-demand,https://yo.bitrise.io/mobile-finance-and-banking-webinar-2020-registration.html
/community/ama-2-by-bitrise,/archive/ama-2-by-bitrise
/community/turning-your-real-world-app-into-an-app-clip,https://yo.bitrise.io/turning-your-real-world-app-into-an-app-clip-registration.html
/career,/careers
/downloads/mobile-finance-and-banking-webinar-2020-video,/webinar/mobile-finance-and-banking-webinar-2020-video
/bitrise-user-group-6,/webinar/bitrise-user-group-6
/community/bitrise-user-group-6,/webinar/bitrise-user-group-6
/community/the-state-of-swift-webinar-on-demand,https://yo.bitrise.io/the-state-of-swift-webinar-on-demand-registration.html
/about-us,/about
/jobs,/careers
/webinar/ama-2-by-bitrise,/archive/ama-2-by-bitrise
/downloads/mobile-ci-after-jenkins-6-lessons-learned,https://yo.bitrise.io/mobile-ci-after-jenkins
/community/the-state-of-swift-webinar-on-demand-video,/webinar/the-state-of-swift-webinar-on-demand-video
/why/migrate-from-jenkins-to-bitrise,/why/bitrise-vs-jenkins
/book-a-demo-new,/demo
/careers/design,/careers/design-ux
/downloads/fintech-mobile-disruption-webinar-on-demand-watch,/webinar/mobile-finance-and-banking-webinar-2020-video
/webinar/swift-japan-video,/webinar/swift-japan-2020-video
/community/zoom-post-attendee-page,/
/downloads/mobile-finance-and-banking-webinar-2020,https://yo.bitrise.io/mobile-finance-and-banking-webinar-2020-registration.html
/add-ons/zoom-post-attendee-page,/
/community/migrate-from-jenkins-to-bitrise,/why/bitrise-vs-jenkins
/contact-sales,/contact
/downloads/5-benefits-switching-from-jenkins-report,https://yo.bitrise.io/5-benefits-switching-from-jenkins-report-thankyou.html
/bitrise-plans-and-pricing-2021-july,/pricing
/pricing-depricated,/pricing-deprecated
/book-demo-success-new,/book-demo-succes
/plans-and-pricing-2-0,/pricing
/downloads/mobile-finance-and-banking-report-2020-pdf,/thank-you/mobile-finance-and-banking-report-2020-pdf
/downloads/top-5-myths-jenkins-mobile-development,/thank-you/top-5-myths-jenkins-mobile-development
/downloads/scaling-mobile-apps-ebook-pdf,/thank-you/scaling-mobile-apps-ebook-pdf
/terms,/legal
/downloads/mobile-engineering-efficiency-gen2-pdf,https://yo.bitrise.io/gen2-velocity-benchmark-report-en-thankyou.html
/bitrise-plans-and-pricing,/pricing
/contact-us,/contact
/release-train,https://yo.bitrise.io/release-train-download.html
/privacy,/legal
/downloads/mobile-release-trains-japan-report,https://yo.bitrise.io/release-train-jp-thankyou.html
/release-train-report,https://yo.bitrise.io/mobile-release-trains-report-thankyou.html
/downloads/scaling-mobile-apps-ebook-2,https://www.bitrise.io/learn/whitepapers
/webinar/zoom-post-attendee-page,/
/downloads/mobile-ci-after-jenkins-pdf,https://yo.bitrise.io/mobile-ci-after-jenkins-thankyou.html
/webinar/scaling-ci-case-study-webinar-tracking-tinders-build-metrics,/webinar/case-study-webinar-tracking-ci-build-metrics
/webinar/wwdc2021-recap-panel-discussionn,https://blog.bitrise.io/post/wwdc-2021-highlights-lets-recap
/why/features/steps-and-workflows-2,/platform/devops/steps-and-workflows
/downloads/5-main-benefits-switching-from-jenkins-report,https://yo.bitrise.io/5-benefits-switching-from-jenkins-report-thankyou.html
/downloads/5-benefits-switching-from-jenkins-b,https://yo.bitrise.io/5-benefits-switching-from-jenkins-report-download.html
/bitrise-plans-and-pricing-210811,/pricing
/covid-19-support,/
/book-demo-new,/demo
/downloads/de-mobile-finance-and-banking-report-pdf,/thank-you/mobile-finance-and-banking-report-de-pdf
/donwloads/zoom-post-attendee-page,/
/downloads/mobile-ci-after-jenkins-6-lessons-jp-report,https://yo.bitrise.io/mobile-ci-after-jenkins-6-lessons-jp-thankyou.html
/downloads/code-freezes-in-mobile-shopping-whitepaper,https://yo.bitrise.io/code-freezes-in-mobile-shopping-thankyou.html
/downloads/mobile-finance-and-banking-report-de-pdf,/thank-you/mobile-finance-and-banking-report-de-pdf
/downloads/5-benefits-switching-from-jenkins,https://yo.bitrise.io/5-benefits-switching-from-jenkins-report-download.html
/webinar/mobile-finance-and-banking-webinar-2020,https://yo.bitrise.io/mobile-finance-and-banking-webinar-2020-registration.html
/webinar/jenkins-to-bitrise-with-recruit,https://yo.bitrise.io/jenkins-to-bitrise-with-recruit-jp-registration.html
/bitrise-support,https://support.bitrise.io/hc/en-us/requests
/add-ons/trace-mobile-monitoring,/
/thank-you/mobile-engineering-efficiency-gen2-pdf,https://yo.bitrise.io/gen2-velocity-benchmark-report-en-thankyou.html
/downloads/mobile-release-trains-japan,https://yo.bitrise.io/mobile-release-trains-jp-download.html
/downloads/gen2-report-japan,https://yo.bitrise.io/mobile-engineering-efficiency-gen2-report-jp-download.html
/webinar/scaling-with-flutter-case-studies-with-tonal-and-signify,https://yo.bitrise.io/scaling-with-flutter-case-studies-with-tonal-and-signify-registration.html
/downloads/scaling-mobile-apps-ebook,https://www.bitrise.io/learn/whitepapers
/webinar/the-state-of-swift-webinar-on-demand,https://yo.bitrise.io/the-state-of-swift-webinar-on-demand-registration.html
/careers/product,/careers/product-management
/webinar/turning-your-real-world-app-into-an-app-clip,https://yo.bitrise.io/turning-your-real-world-app-into-an-app-clip-registration.html
/downloads/mobile-ci-after-jenkins-6-lessons-jp,https://yo.bitrise.io/mobile-ci-after-jenkins-6-lessons-jp-download.html
/webinar/swift-japan-2020,https://yo.bitrise.io/swift-2020-jp-registration.html
/downloads/the-state-of-mobile-shopping-apps-in-2021,https://yo.bitrise.io/mobile-product-success-in-shopping-report-2021-download.html
/webinar/the-state-of-flutter-japan,https://yo.bitrise.io/the-state-of-flutter-jp-registration.html
/downloads/code-freezes-in-mobile-shopping,https://yo.bitrise.io/code-freezes-in-mobile-shopping-download.html
/downloads/release-train,https://yo.bitrise.io/release-train-download.html
/careers/data,/careers/it-systems
/webinar/wwdc2021-recap-panel-discussion,https://blog.bitrise.io/post/wwdc-2021-highlights-lets-recap
/add-ons/build-insights,/build-insights
/downloads/japan-mobile-product-success-in-finance-report-2022,https://yo.bitrise.io/mobile-product-success-in-finance-report-2022-jp-download.html
/webinar/the-state-of-flutter-development-in-2020-webinar,https://yo.bitrise.io/the-state-of-flutter-development-in-2020-registration.html
/webinar/state-of-mobile-shopping-apps-2021-webinar,https://yo.bitrise.io/state-of-mobile-shopping-apps-2021-webinar-registration.html
/thank-you/building-mobile-apps-at-scale-webinar,https://yo.bitrise.io/building-mobile-apps-at-scale-webinar-thankyou.html
/thank-you/japan-mobile-product-success-in-finance-report-2022,https://yo.bitrise.io/mobile-product-success-in-finance-report-2022-jp-thankyou.html
/m1-preregister,/platform/build-platform/apple-silicon
/hacktoberfest-2021,https://blog.bitrise.io/post/hacktoberfest-2021-at-bitrise-join-the-challenge-and-win-awesome-swag
/downloads/mobile-engineering-efficiency-gen2-report,https://yo.bitrise.io/gen2-velocity-benchmark-report-en-download.html
/thank-you/the-state-of-mobile-shopping-apps-in-2021-report,https://yo.bitrise.io/mobile-product-success-in-shopping-report-2021-thankyou.html
/customer-stories/zaim,/customer-stories
/thank-you/release-train-report,https://yo.bitrise.io/mobile-release-trains-report-thankyou.html
/thank-you/mobile-release-trains-japan-report,https://yo.bitrise.io/release-train-jp-thankyou.html
/thank-you/mobile-ci-after-jenkins-pdf,https://yo.bitrise.io/mobile-ci-after-jenkins-thankyou.html
/thank-you/mobile-ci-after-jenkins-6-lessons-jp-report,https://yo.bitrise.io/mobile-ci-after-jenkins-6-lessons-jp-thankyou.html
/thank-you/mobile-finance-and-banking-webinar-2020,https://yo.bitrise.io/mobile-finance-and-banking-webinar-2020-thankyou.html
/thank-you/the-state-of-flutter-development-in-2020-webinar,https://yo.bitrise.io/the-state-of-flutter-development-in-2020-thankyou.html
/customer-stories/savvy,/customer-stories
/thank-you/5-benefits-switching-from-jenkins-report,https://yo.bitrise.io/5-benefits-switching-from-jenkins-report-thankyou.html
/thank-you/the-state-of-flutter-japan,https://yo.bitrise.io/the-state-of-flutter-jp-thankyou.html
/customer-stories/buffer,/customer-stories
/customer-stories/timers,/customer-stories
/downloads/mobile-product-success-in-finance-2022-business-report,https://yo.bitrise.io/mobile-product-success-in-finance-report-2022-download.html
/thank-you/state-of-mobile-shopping-apps-2021-webinar,https://yo.bitrise.io/state-of-mobile-shopping-apps-2021-webinar-thankyou.html
/thank-you/code-freezes-in-mobile-shopping-whitepaper,https://yo.bitrise.io/code-freezes-in-mobile-shopping-thankyou.html
/thank-you/gen2-report-japan,https://yo.bitrise.io/mobile-engineering-efficiency-gen2-report-jp-thankyou.html
/thank-you/turning-your-real-world-app-into-an-app-clip,https://yo.bitrise.io/turning-your-real-world-app-into-an-app-clip-webinar-thankyou.html
/thank-you/jenkins-to-bitrise-with-recruit,https://yo.bitrise.io/jenkins-to-bitrise-with-recruit-jp-thankyou.html
/thank-you/swift-japan-2020,https://yo.bitrise.io/swift-2020-jp-thankyou.html
/thank-you/mobile-product-success-in-finance-banking-2022,https://yo.bitrise.io/mobile-product-success-in-finance-banking-2022-thankyou.html
/thank-you/the-state-of-swift-webinar-on-demand,https://yo.bitrise.io/the-state-of-swift-webinar-on-demand-thankyou.html
/customer-stories/careem,/customer-stories
/customer-stories/appaloosa,/customer-stories
/customer-stories/just-eat,/customer-stories
/customer-stories/hatenajp,/customer-stories
/customer-stories/mapbox,/customer-stories
/home,https://www.bitrise.io
/why/features/advanced-caching,https://yo.bitrise.io/advanced-caching.html
/learn/learn-mobile-devops-assessment,/resources/tools/mobile-devops-assessment
/events/try-swift-new-york-2023,/events
/bitrise-agent-3,/platform/devops/build-platform/bitrise-agent
/features/bitrise-deployment-features,/platform/mobile-devops
/community/experts-program,/
/blog/post/2-5x-faster-cache-steps-update-now,/blog
/why/features/pipelines,/platform/devops/pipeline
/features/cross-platform-features,/platform/mobile-devops
/features/pipelines,/platform/devops/pipeline
/why/technologies/virtualized-m1-environment1,/why/technologies/virtualized-m1-environment-old
/add-ons/mobile-test-reporting,/platform/devops/mobile-test-reporting
/community/bitrise-for-nonprofit,/solutions/nonprofit
/add-ons/deploy-with-bitrise-ship,/platform/release-management
/community/japanese-community-hub,https://discuss.bitrise.io/
/our-impact,/about/our-impact
/why/features/caching/buildandtestcaching/pipelines,/platform/devops/pipeline
/customer-stories/prolific-interactive,/customer-stories
/modas-hub-page,/learn-mobile-devops-assessment
/community/bitrise-user-groups,/
/book-demo,/demo
/blog/post/the-road-to-bitrise-an-interview-with-damien,/blog
/partnership,/integrations
/gartner-magic-quadrant-2023,/bitrise-named-in-gartner-magic-quadrant-2023
/old-home,/
/integrations-2,/integrations
/learn/mobile-devops-assessment,/resources/tools/mobile-devops-assessment
/migrating-from-buddybuild,/
/bitrise-vs-jenkins,/resources/compare/bitrise-vs-jenkins
/why/features/build-insights,/platform/devops/insights
/bitrise-insights,/platform/devops/insights
/enterprise-build-platform,/platform/devops/build-platform
/pricing-old,/pricing
/why/technologies/virtualized-m1-environment,/platform/build-platform/apple-silicon
/why/technologies/ionic-continuous-integration,/solutions/technologies/ionic
/quick-links-cheat-sheet,/resources/tools/quick-links
/why/audience/finance-banking,/solutions/finance
/performance-demo,/demo
/presskit,/press/kit
/why/features/mobile-build-caching-for-better-build-test-performance,/platform/build-cache
/why/technologies/react-native-continuous-integration,/solutions/technologies/react-native
/virtualized-m1-environment-old,/platform/build-platform/apple-silicon
/newsroom,/press
/why/technologies/ios-continuous-integration,/solutions/technologies/ios
/learn/podcast,/resources/podcast
/why/features/steps-and-workflows,/platform/devops/steps-and-workflows
/why/features/caching/build-and-test-caching/tuist,/blog/post/tuist-bitrise-build-cache-update
/bitrise-agent/aws,/platform/build-platform/bitrise-on-aws
/why/technologies/android-continuous-integration,/solutions/technologies/android
/why/features/continuous-integration,/platform/bitrise-ci
/why/features/automated-release-management-for-mobile,/platform/release-management
/why/features/caching/dependencycaching,/platform/devops/dependency-caching
/why/features/security,/platform/devops/security
/why/features/audit-log-connector,/platform/devops/audit-log-connector
/velocity-plan,/pricing
/why/technologies/flutter-continuous-integration,/solutions/technologies/flutter
/roi-demo,/demo
/why/features/caching/build-and-test-caching/bazel,platform/devops/build-caching/bazel
/why/features/pipeline,/platform/devops/pipeline
/bitrise-agent,/platform/devops/build-platform/bitrise-agent
/why/audience/shopping,/solutions/ecommerce
/why/technologies/cordova-continuous-integration,/solutions/technologies/cordova
/why/features/caching/gradle,/platform/devops/build-caching/gradle
/plans-pricing-2,/pricing
/why-bitrise,/
/comparing-cloud-based-and-self-hosted-ci-cd-solutions,/resources/compare/bitrise-vs-jenkins
/performance-demo-success,/book-demo-succes
/community/events,/resources/events
/roi-of-bitrise,/
/solutions-partner-program,/
/roi-demo-success,/book-demo-succes
/platform/caching/tuist,/blog/post/tuist-bitrise-build-cache-update
/zoom-post-attendee-page,/
/about-2,/about
/learn/whitepapers,/resources/whitepapers
/trial,/demo
/community/webinars,/resources/webinars
/state-of-mobile-shopping-2021-insights,/solutions/ecommerce
/contribute,/blog/contribute
/blog/post/2017-our-most-awesome-year-so-far,/blog
/blog/post/august-highlights,/blog
/blog/post/november-highlights-and-tidbits,/blog
/blog/post/october-highlights-2017,/blog
/blog/post/new-team-handling-features,/blog
/blog/post/march-highlights,/blog
/blog/post/september-ends-with-highlights,/blog
/blog/post/feature-request-friday-august-16-september-13,/blog
/blog/post/set-up-your-ionic-project-on-bitrise-in-5-mins-tops,/blog
/blog/post/bitrise-open-source-hall-of-fame-october-2018,/blog
/blog/post/february-highlights,/blog
/blog/post/pretty-little-updates,/blog
/blog/post/october-highlights-2018,/blog
/blog/post/small-but-useful-enhancements,/blog
/blog/post/the-new-workflow-system,/blog
/blog/post/july-highlights,/blog
/blog/post/may-highlights,/blog
/blog/post/weekly-community-roundup-june-4-11,/blog
/blog/post/weekly-community-roundup-may-6-13,/blog
/blog/post/use-the-same-files-for-any-builds,/blog
/blog/post/weekly-community-roundup-october-16-24,/blog
/blog/post/weekly-community-roundup-july-3-10,/blog
/blog/post/weekly-community-roundup-october-24-30,/blog
/blog/post/weekly-community-roundup-february-15-march-4,/blog
/blog/post/weekly-community-roundup-may-20-28,/blog
/blog/post/weekly-community-roundup-may-28-june-4,/blog
/blog/post/weekly-community-roundup-april-23-29,/blog
/blog/post/weekly-community-roundup-april-1-8,/blog
/blog/post/weekly-community-roundup-august-7-14,/blog
/blog/post/weekly-community-roundup-july-17-24,/blog
/blog/post/weekly-community-roundup-october-3-9,/blog
/blog/post/a-better-pricing-for-you,/blog
/blog/post/a-tech-startup-in-london,/blog
/blog/post/android-could-not-find-appcompat-v7-how-to-update-preinstalled-packages,/blog
/blog/post/advanced-build-filtering,/blog
/blog/post/bitrise-in-2019-a-roadmap-preview,/blog
/blog/post/bitrise-trace-top5-features-jp,/blog
/blog/post/bitrise-contributor-hall-of-fame-january,/blog
/blog/post/bitrise-is-coming-back-to-san-francisco,/blog
/blog/post/auto-cancel-builds-and-keep-rolling,/blog
/blog/post/add-an-app-icon-with-the-project-scanner,/blog
/blog/post/benefits-of-migrating-your-app-to-cloud-ci,/blog
/blog/post/bitrise-redesign-bitbot-and-purr-request-in-the-making,/blog
/blog/post/all-the-webhooks-you-need,/blog
/blog/post/feature-request-friday-april-12-26,/blog
/blog/post/feature-request-friday-april-26-may-17,/blog
/blog/post/bitrise-is-one-of-this-years-how-to-web-startup-spotlight-finalists,/blog
/blog/post/the-new-year-together,/blog
/blog/post/finally-build-your-android-projects-on-bitrise,/blog
/blog/post/feature-request-friday-june-7-28,/blog
/blog/post/introducing-the-bitrise-writers-program,/blog
/blog/post/update-on-our-events-and-travel-policy,/blog
/blog/post/2020-online-bitrise-summer-events,/blog
/blog/post/weekly-community-roundup-august-14-26,/blog
/blog/post/weekly-community-roundup-january-28-february-4,/blog
/blog/post/4-things-to-remember-when-upgrading-a-production-virtual-machine,/blog
/blog/post/weekly-community-roundup-february-11-18,/blog
/blog/post/weekly-community-roundup-july-24-31,/blog
/blog/post/a-beginning-of-many-meetups-at-bitrise,/blog
/blog/post/auto-cancel-running-builds-too-if-needed,/blog
/blog/post/are-your-code-signing-files-okay,/blog
/blog/post/486-releases-in-14-weeks,/blog
/blog/post/bitrise-raises-3-2-million-in-series-a-funding,/blog
/blog/post/all-about-learning-culture-at-bitrise,/blog
/blog/post/5-key-takeaways-from-flutter-engage-2021,/blog
/blog/post/ad-hoc-reports-from-github-in-fsharp,/blog
/blog/post/add-a-webhook-automatically-to-your-app-whenever,/blog
/blog/post/end-of-summer-tweaks,/blog
/blog/post/countdown-to-tokyo,/blog
/blog/post/continuous-integration-on-bitrise-for-android,/blog
/blog/post/extra-minutes-on-hobby-plan,/blog
/blog/post/code-freeze-in-mobile-shopping-whitepaper,/blog
/blog/post/august-highlights-2017,/blog
/blog/post/june-highlights-redesign-to-the-power-of-two,/blog
/blog/post/november-highlights,/blog
/blog/post/feature-request-friday-june-28-july-19,/blog
/blog/post/feature-request-friday-february-15-march-1,/blog
/blog/post/bitrise-contributor-hall-of-fame-march-2019,/blog
/blog/post/feature-request-friday-march-29-april-12,/blog
/blog/post/meet-us-in-singapore,/blog
/blog/post/weekly-community-roundup-january-14-21,/blog
/blog/post/weekly-community-roundup-may-13-20,/blog
/blog/post/weekly-community-roundup-june-18-26,/blog
/blog/post/weekly-community-roundup-november-6-14,/blog
/blog/post/weekly-community-roundup-june-11-18,/blog
/blog/post/weekly-community-roundup-october-9-16,/blog
/blog/post/weekly-community-roundup-october-30-november-6,/blog
/blog/post/add-a-new-app-to-bitrise-from-the-terminal,/blog
/blog/post/be-our-guest-blogger,/blog
/blog/post/bitrise-is-coming-back-to-tokyo,/blog
/blog/post/announcing-status-images,/blog
/blog/post/bitrise-data-workshops-in-budapest-apply-now,/blog
/blog/post/bitrise-contributor-hall-of-fame-november-2018,/blog
/blog/post/5-summer-reads-for-mobile-startups,/blog
/blog/post/add-a-plus-layer-of-security-to-your-bitrise-account,/blog
/blog/post/community-roundup-december-7-january-15,/blog
/blog/post/bitrise-user-group-2,/blog
/blog/post/covid-research-jp,/blog
/blog/post/deploy-with-bitrise-ship-open-beta,/blog
/blog/post/droids-on-roids-how-to-connect-physical-devices-to-bitriseio,/blog
/blog/post/building-a-swift-open-source-project-on-bitrise,/blog
/blog/post/business-continuity-at-bitrise-during-covid-19,/blog
/blog/post/concurrencies-vs-credits-what-it-means-for-customers-switching-to-teams-jp,/blog
/blog/post/disable-and-trigger-scheduled-builds-on-demand,/blog
/blog/post/bitrise-user-groups-6-getting-started-on-bitrise-ios-android-flutter,/blog
/blog/post/build-pipeline-release-your-web-and-mobile-app-at-the-push-of-a-button,/blog
/blog/post/bug-4-ios-edition-recap,/blog
/blog/post/cocoapods-issue-and-fix-with-xcode-8,/blog
/blog/post/deletable-log-builds-and-github-style-app-names,/blog
/blog/post/do-more-with-triggers,/blog
/blog/post/covid-research,/blog
/blog/post/bitrise-user-group-tokyo,/blog
/blog/post/booyah-our-command-line-interface-just-got-its-own-landing-page,/blog
/blog/post/deep-dive-trace,/blog
/blog/post/bitrise-xcode-stacks-come-with-android-tools-installed,/blog
/blog/post/build-notification-emails-are-cooler-than-ever,/blog
/blog/post/changes-to-bitrise-covid-19-support,/blog
/blog/post/feature-request-friday-february-1-15,/blog
/blog/post/how-to-migrate-your-ios-apps-from-travis-to-bitrise-jp,/blog
/blog/post/growth-customer-sucess-interview,/blog
/blog/post/here-comes-the-new-stack,/blog
/blog/post/handle-your-bitrise-tokens-more-easily,/blog
/blog/post/feature-request-friday-july-19-august-16,/blog
/blog/post/gifs-make-everything-better,/blog
/blog/post/feature-request-friday-may-17-june-7,/blog
/blog/post/how-can-you-become-a-bitrise-expert,/blog
/blog/post/feature-request-friday-march-1-29,/blog
/blog/post/images-in-build-artifacts,/blog
/blog/post/happy-holidays-2018,/blog
/blog/post/hoverfly-and-bitrise-ios-ui-testing-video-tutorial,/blog
/blog/post/fan-out-parallel-tests-test-reports-a-bitrise-deep-dive-webinar,/blog
/blog/post/farewell-2018-you-were-great,/blog
/blog/post/hello-gdpr-please-re-subscribe,/blog
/blog/post/how-to-create-bitrise-step-in-go-flutter-example,/blog
/blog/post/happy-holidays,/blog
/blog/post/how-we-lead-at-bitrise,/blog
/blog/post/introducing-bitrise-checks-on-github,/blog
/blog/post/faster-builds-on-ssd-disks,/blog
/blog/post/help-us-localize-to-japanese-and-get-a-t-shirt,/blog
/blog/post/how-mobile-devops-practices-improve-your-apps,/blog
/blog/post/how-bots-saved-my-ios-life,/blog
/blog/post/fully-automated-continuous-deployment-on-android-with-bitrise,/blog
/blog/post/hello-hacktoberfest,/blog
/blog/post/how-to-debug-your-build-locally,/blog
/blog/post/how-to-experiment-with-bitrise-configs-locally-on-your-maclinux,/blog
/blog/post/infrastructure-engineering-in-a-hyper-growth-environment,/blog
/blog/post/lets-move-to-the-new-stack,/blog
/blog/post/meet-us-at-droidcon-berlin,/blog
/blog/post/spend-30-50-percent-less-time-waiting-for-builds-jp,/blog
/blog/post/manage-your-dev-team-like-a-boss-through-the-all-new-organizations,/blog
/blog/post/saml-sso-and-manual-approve-for-pr-builds-landed-on-bitrise,/blog
/blog/post/schedule-those-builds,/blog
/blog/post/meet-us-in-paris,/blog
/blog/post/roundup-the-first-bitrise-company-retreat,/blog
/blog/post/our-account-security-got-even-stronger,/blog
/blog/post/ios-code-signing-a-new-method,/blog
/blog/post/smarter-slack-step,/blog
/blog/post/introducing-fastlane-on-bitrise,/blog
/blog/post/join-us-at-kobiton-odyssey-2021,/blog
/blog/post/meet-us-in-southeast-asia,/blog
/blog/post/qiita-engineer-festa-recap-jp,/blog
/blog/post/introducing-create-zip-step,/blog
/blog/post/introducing-full-cross-platform-support,/blog
/blog/post/meet-us-at-hacking-with-swift-live,/blog
/blog/post/now-is-the-time-to-migrate-from-buddybuild-to-bitrise,/blog
/blog/post/outgoing-webhooks,/blog
/blog/post/meet-us-at-the-web-summit-lisbon-2018,/blog
/blog/post/september-highlights,/blog
/blog/post/iosdc-2019,/blog
/blog/post/set-expiry-date-for-your-tokens,/blog
/blog/post/stack-deprecations-coming-up-october-31,/blog
/blog/post/ios-auto-provision-supports-projects-using-xcodes-automatically-manage-signing-option,/blog
/blog/post/one-ios-app-multiple-configurations,/blog
/blog/post/podcast-with-marcos-griselli,/blog
/blog/post/unofficial-bitrise-clients-for-android,/blog
/blog/post/weekly-community-roundup-april-29-may-6,/blog
/blog/post/tenacious-env-vars,/blog
/blog/post/the-cool-new-test-reports-feature-on-bitrise-is-here,/blog
/blog/post/we-will-protect-your-secrets-with-the-new-sensitive-inputs,/blog
/blog/post/tokyo-cicd-test-night-the-week-after,/blog
/blog/post/weekly-community-roundup-january-21-28,/blog
/blog/post/step-source-env-var-and-update-command-in-cli,/blog
/blog/post/test-just-a-library,/blog
/blog/post/tunein-radio-why-we-migrated-to-bitrise-cicd,/blog
/blog/post/upload-your-ios-code-signing-files-automatically,/blog
/blog/post/weekly-community-roundup-february-18-25,/blog
/blog/post/weekly-community-roundup-august-26-september-4,/blog
/blog/post/temporary-rollback-from-ubuntu-1804-to-1604,/blog
/blog/post/tips-tricks-for-swift-developers-in-2020,/blog
/blog/post/view-json-and-csv-files-in-artifacts,/blog
/blog/post/volunteer-life-at-bitrise,/blog
/blog/post/weekly-community-roundup-july-10-17,/blog
/blog/post/weekly-community-roundup-june-26-july-3,/blog
/blog/post/update-mac-infrastructure-queues-march-2019,/blog
/blog/post/use-xcode-10-final-on-bitrise,/blog
/blog/post/weekly-community-roundup-july-31-august-7,/blog
/blog/post/the-new-devcenter-has-finally-arrived,/blog
/blog/post/try-deploygate-on-bitrise-and-share-your-app-with-testers-at-once,/blog
/blog/post/weekly-community-roundup-april-8-15,/blog
/blog/post/the-first-six-months-what-its-like-to-work-at-bitrise,/blog
/blog/post/weekly-community-roundup-april-15-23,/blog
/blog/post/take-your-mobile-monitoring-to-the-next-level-jp,/blog
/blog/post/test-a-pr-manually-before-merging-it,/blog
/blog/post/trigger-a-build-from-slack-now-with-custom-environment-variables,/blog
/blog/post/working-copy-with-bitrise,/blog
/blog/post/weekly-community-roundup-november-14-december-6,/blog
/blog/post/you-are-in-good-company,/blog
/blog/post/anyone-even-prs-can-have-secrets,/blog
/blog/post/weekly-community-roundup-september-18-october-3,/blog
/blog/post/win-one-of-the-50-limited-edition-bitrise-t-shirts,/blog
/blog/post/appaloosas-integration-just-got-a-verified-step-badge,/blog
/blog/post/april-highlights,/blog
/blog/post/weekly-community-roundup-september-11-18,/blog
/blog/post/xamarin-users-rejoice,/blog
/blog/post/weekly-community-roundup-march-25-april-1,/blog
/blog/post/were-going-to-try-swift-nyc,/blog
/blog/post/app-slugs-for-better-email-notifications,/blog
/blog/post/app-store-connect-2fa-solved-on-bitrise,/blog
/blog/post/weekly-community-roundup-march-11-18,/blog
/blog/post/bitrise-in-2020-roundup,/blog
/blog/post/better-performance-with-ux-and-build-details-page-improvements-on-bitrise,/blog
/blog/post/yoyo-wallet-shipping-fast-and-frequently-with-bitrise,/blog
/blog/post/working-with-general-image-recognition-apis,/blog
/blog/post/weekly-vritual-machine-stack-updates-now-on-discuss,/blog
/blog/post/were-coming-to-tokyo,/blog
/blog/post/xcode-stack-deprecations-coming-up-january-11-2020,/blog
/blog/post/were-back-from-how-to-web,/blog
/blog/post/5-tips-to-help-you-identify-and-fix-open-source-vulnerabilities,/blog
/blog/post/weekly-community-roundup-march-18-25,/blog
/blog/post/weekly-community-roundup-september-4-11,/blog
/blog/post/xamarin-ci-with-bitrise-tutorial-part-3-deploy,/blog
/blog/post/add-awesome-avatars-for-profiles-and-organizations,/blog
/blog/post/build-pipelines-all-your-questions-answered-part-1,/blog
/blog/post/community-roundup-september,/blog
/blog/post/hiring-our-first-developer-advocate,/blog
/blog/post/how-to-trigger-a-bitrise-build-from-hipchat-using-a-google-cloud-function,/blog
/blog/post/community-roundup-april,/blog
/blog/post/community-roundup-may-15-june-15,/blog
/blog/post/community-roundup-june-16-july-3,/blog
/blog/post/community-roundup-march-6-31,/blog
/blog/post/community-roundup-may-1-15,/blog
/blog/post/in-case-you-missed-it-new-features-on-build-insights,/blog
/blog/post/introducing-gitlab-self-hosted-support-for-organizations,/blog
/blog/post/deploying-net-core-to-azure-using-bitrise-and-cake,/blog
/blog/post/bugs-online-jp,/blog
/blog/post/check-out-the-all-new-dashboard,/blog
/blog/post/bitrise-open-source-and-the-api-bitrise-wall-mobile-app,/blog
/blog/post/community-roundup-august,/blog
/blog/post/introducing-online-bitrise-user-groups,/blog
/blog/post/ionic-event-2021-recap,/blog
/blog/post/community-roundup-july-4-17,/blog
/blog/post/community-roundup-january-15-31,/blog
/blog/post/hooking-up-a-middleman-project-to-deploy-a-static-site-to-heroku-with-bitrise,/blog
/blog/post/cache-gradle-dependencies-on-bitrise,/blog
/blog/post/getting-started-with-creating-a-bitrise-step,/blog
/blog/post/community-roundup-february-1-17,/blog
/blog/post/community-roundup-july-18-31,/blog
/blog/post/concurrencies-vs-credits-what-it-means-for-customers-switching-to-teams,/blog
/blog/post/indie-developers-benefit-from-bitrise-automatic-deployment-to-your-testers,/blog
/blog/post/july-highlights-2017,/blog
/blog/post/new-tutorial-configuring-and-using-vpn,/blog
/blog/post/setting-up-the-team-for-customer-success,/blog
/blog/post/swift-scripting-on-bitrise,/blog
/blog/post/see-all-the-file-infos-on-the-code-signing-tab,/blog
/blog/post/lets-recap-google-io-2021,/blog
/blog/post/matching-steps-reacting-to-the-unexpected-ios-14-recap,/blog
/blog/post/mobile-development-natwest-podcast-adam-law,/blog
/blog/post/reporting-data-from-clickup-or-any-api-in-fsharp,/blog
/blog/post/january-highlights,/blog
/blog/post/new-options-for-locking-step-versions,/blog
/blog/post/restore-current-bitrise-yml-to-a-builds-bitrise-yml,/blog
/blog/post/oversee-code-coverage-reports-with-the-codecov-verified-step,/blog
/blog/post/remote-access-now-available-on-bitrise,/blog
/blog/post/spend-30-50-percent-less-time-waiting-for-builds,/blog
/blog/post/parsing-complex-documents-from-s3-in-powershell,/blog
/blog/post/podcast-with-mariano-zorrilla,/blog
/blog/post/our-top-5-favorite-features-of-bitrise-trace,/blog
/blog/post/per-workflow-stack-selection-is-here,/blog
/blog/post/linux-builds-are-now-15-20-percent-faster-on-bitrise,/blog
/blog/post/set-your-build-version-on-bitrise-automatically,/blog
/blog/post/learn-from-finance-experts,/blog
/blog/post/mastering-bitrise-workflows-for-continuous-ios-app-delivery,/blog
/blog/post/managing-secrets-in-a-central-location-secret-envs-filtering,/blog
/blog/post/podcast-with-joe-birch,/blog
/blog/post/remote-mobile-devops-teams,/blog
/blog/post/weekly-community-roundup-march-4-11,/blog
/blog/post/xcode-13-test-repetition-options-to-land-on-bitrise,/blog
/blog/post/updated-build-logs-with-shiny-practical-features,/blog
/blog/post/were-going-to-frenchkit,/blog
/blog/post/try-the-new-smarter-yml-editor-on-bitrise-io,/blog
/blog/post/swift-webinar-recap,/blog
/blog/post/we-are-workhuman-certified,/blog
/blog/post/weekly-community-roundup-february-4-11,/blog
/blog/post/were-exhibiting-at-it-week-spring-japan,/blog
/blog/post/what-a-year-2021-in-review,/blog
/blog/post/upload-a-custom-icon-for-your-app-on-bitrise,/blog
/blog/post/virtualmachineerror,/blog
/blog/post/5-tips-tricks-for-mobile-testing,/blog
/blog/post/the-future-of-developer-relations-at-bitrise,/blog
/blog/post/testing-on-the-ci,/blog
/blog/post/xamarin-ci-with-bitrise-tutorial-part-1-getting-started,/blog
/blog/post/taking-open-source-to-the-next-level-at-bitrise-step-by-step,/blog
/blog/post/to-remove-the-guesswork-colin-hemmings-on-bitrise-trace-and-more,/blog
/blog/post/use-bitrise-steps-like-lego-blocks-to-build-up-your-ci-cd-pipeline,/blog
/blog/post/were-going-to-altconf,/blog
/blog/post/xamarin-ci-with-bitrise-tutorial-part-2-testing,/blog
/blog/post/xcode-8-1-final-on-macos-sierra,/blog
/blog/post/an-unofficial-way-to-keep-building-xamarin-projects-on-bitrise,/blog
/blog/post/build-your-own-ci-cd-pipelines-by-customizing-your-bitrise-workflows,/blog
/blog/post/app-clip-support-and-workshop,/blog
/blog/post/bitrise-codepush-react-native-ideal-mobile-ci-setup,/blog
/blog/post/asmr-mobile-technology-video-tutorials,/blog
/blog/post/bitbucket-pull-request-support-is-here,/blog
/blog/post/build-insights-a-first-hand-look,/blog
/blog/post/building-mobile-infrastructure-with-russell-stephens,/blog
/blog/post/chatbots-voice-assistants-in-mobile-shopping,/blog
/blog/post/bye-bye-2019-you-were-awesome,/blog
/blog/post/code-coverage-and-test-reports-coming-to-flutter,/blog
/blog/post/google-play-console-internal-testing-channel-landed-on-bitrise,/blog
/blog/post/indie-developers-automatic-deployment-to-the-play-store-with-bitrise,/blog
/blog/post/event-highlights-lets-recap,/blog
/blog/post/m1-on-bitrise-an-update-on-our-progress,/blog
/blog/post/how-to-distribute-android-libraries,/blog
/blog/post/manage-your-team-members-groups-and-contributors-on-a-simplified-team-page,/blog
/blog/post/community-roundup-february-18-march-6,/blog
/blog/post/hosted-ci-xcode-support,/blog
/blog/post/introducing-bitrise-trace,/blog
/blog/post/key-takeaways-from-flutter-global-summit-21,/blog
/blog/post/its-time-to-move-your-ci-cd-to-the-cloud,/blog
/blog/post/expert-perspective-fintech-trends,/blog
/blog/post/first-soc2-report-announcement,/blog
/blog/post/linux-builds-are-now-15-20-percent-faster-on-bitrise-jp,/blog
/blog/post/first-soc2-report-announcement-jp,/blog
/blog/post/connecting-bitrise-to-github-using-only-ssh,/blog
/blog/post/how-to-use-bitrise-to-improve-collaboration-across-teams,/blog
/blog/post/introducing-the-new-app-settings-page,/blog
/blog/post/mobile-transformation-in-finance-and-banking-a-report,/blog
/blog/post/x86-emulators-are-on,/blog
/blog/post/augmented-reality-to-engage-mobile-shoppers,/blog
/blog/post/building-high-rated-apps-antoine-van-der-lee,/blog
/blog/post/your-guide-to-google-i-o-2022,/blog
/blog/post/bitrise-joins-the-mobile-native-foundation,/blog
/blog/post/oh-so-stylish-slack-messages,/blog
/blog/post/you-can-now-transfer-the-ownership-of-your-apps,/blog
/blog/post/protect-your-secrets,/blog
/blog/post/adding-missing-dsyms-to-crashlytics-with-fastlane,/blog
/blog/post/seamless-android-builds-with-bitrise-offload-your-system,/blog
/blog/post/run-faster-ios-ui-tests-via-metal-support,/blog
/blog/post/alexa-for-bitrise-add-skill-to-alexa-for-business,/blog
/blog/post/hacktoberfest-2021-at-bitrise-join-the-challenge-and-win-awesome-swag,/blog
/blog/post/how-to-deal-with-emulator-issues-and-android-ui-test-failures-on-ci,/blog
/blog/post/your-guide-to-google-io-2021,/blog
/blog/post/test-your-app-function-without-opening-a-simulator-and-clicking-6-buttons,/blog
/blog/post/building-a-shared-but-isolated-project-structure,/blog
/blog/post/major-android-platform-update-coming-your-way,/blog
/blog/post/want-to-speak-at-the-worlds-first-mobile-devops-conference,/blog
/blog/post/the-10-most-popular-bitrise-blog-posts-of-2022,/blog
/blog/post/trigger-builds-with-git-tags,/blog
/blog/post/net-maui-apps-on-bitrise,/blog
/blog/post/mastering-continuous-deployment-with-keegan-rush,/blog
/blog/post/new-gradle-runner-version-gradlew-path-is-now-required,/blog
/blog/post/setup-a-xamarin-project-on-bitrise,/blog
/blog/post/the-roadmap-to-mobile-success-with-peter-john-welcome,/blog
/blog/post/automatic-ios-wildcard-development-code-signing-files,/blog
/blog/post/opening-bitrise-japan-branch-announcement-jp,/blog
/blog/post/bitrise-acquires-outlyer,/blog
/blog/post/registering-ios-devices,/blog
/blog/post/skip-certain-builds-or-only-some-steps-with-the-draft-pr-env-var,/blog
/blog/post/solving-flaky-tests-by-making-use-of-xcode-on-virtual-machines,/blog
/blog/post/trace-public-beta-android-support-and-ios-crash-reporting,/blog
/blog/post/why-delivery-lead-time-matters-in-mobile-development-and-how-to-improve-it,/blog
/blog/post/the-road-to-droidcon-berlin-22,/blog
/blog/post/top-four-mobile-app-testing-mistakes-and-how-to-avoid-them,/blog
/blog/post/the-alternative-app-store-opportunity-for-android-developers,/blog
/blog/post/write-your-tests-for-your-android-libraries-and-plugins,/blog
/blog/post/keulraudeueseo-hwagjang-ganeunghan-apple-silicon-m1euro-aebeul-bildeuhae-boseyo,/blog/post/build-your-app-on-scalable-m1-apple-silicon-in-the-cloud-kr
/blog/post/bitrise-fastlane-integration-for-ios-apps,/blog/post/automate-ios-builds-tests-with-fastlane
/blog/post/state-of-app-development-2017,/blog/post/the-state-of-mobile-app-development-in-2022
/blog/post/5-ways-your-data-is-safe-compliance-access-control-encryption,/platform/devops/security
/blog/post/data-theorems-verified-step-has-arrived-to-the-step-library,/integrations/steps/data-theorem-mobile-secure
/blog/post/monitor-and-improve-your-bitrise-performance-with-build-insights-jp,/platform/devops/insights
/blog/post/the-power-of-continuous-delivery-for-ios-apps,/solutions/technologies/ios
/blog/post/state-of-app-development-in-2019,/blog/post/the-state-of-mobile-app-development-in-2022
/blog/post/celebrating-the-first-15-verified-steps-on-bitrise,/integrations
/blog/post/key-elements-of-mobile-devops-practices,/platform/mobile-devops
/blog/post/learn-more-about-mobile-devops-on-bitrise,/platform/mobile-devops
/blog/post/state-of-app-development-2016,/blog/post/the-state-of-mobile-app-development-in-2022
/blog/post/mobile-devops-is-a-thing-a-podcast-by-bitrise,/platform/mobile-devops
/blog/post/state-of-app-development-2020,/blog/post/the-state-of-mobile-app-development-in-2022
/blog/post/6-lessons-for-migrating-from-jenkins-to-bitrise,/resources/compare/bitrise-vs-jenkins
/blog/post/state-of-app-development-in-2018,/blog/post/the-state-of-mobile-app-development-in-2022
/blog/post/a-virtual-device-lab-at-your-fingertips-new-lambdatest-integration-on-board,/integrations/steps/lambdatest-upload
/blog/post/is-apple-silicon-m2-the-future-of-mobile-ci-cd,/platform/build-platform/apple-silicon
/blog/post/simplify-localization-with-localazy,/integrations/steps/localazy
/blog/post/speed-up-your-apps-go-to-market-with-the-pcloudy-step,/integrations/steps/pcloudy-app-upload
/blog/post/distribute-beta-apps-instantly-with-deploygate,/integrations/steps/deploygate--upload-app-bitrise-step
/blog/post/waste-no-time-on-manual-testing-with-autifys-ai-powered-test-automation-step-on-bitrise-jp,/integrations/steps/autify-test-run
/blog/post/how-to-set-up-a-ci-for-multiple-ios-and-tvos-apps-using-fastlane-and-bitrise,/blog/post/automate-ios-builds-tests-with-fastlane
/blog/post/test-push-notifications-and-universal-links-with-the-open-source-mussel-step,/integrations/steps/mussel
/blog/post/detect-app-vulnerabilities-with-the-oversecured-step,/integrations/steps/oversecured
/blog/post/bitrise-insights-introducing-new-ways-to-optimize-how-you-analyze-your-data,/platform/devops/insights
/blog/post/app-performance-monitoring-podcast-with-rasmus-larsson,/blog/post/how-to-boost-app-engagement-with-mobile-application-performance-monitoring-apm
/blog/post/cli-explore-bitrise-from-your-terminal,https://app.bitrise.io/cli
/blog/post/getting-started-with-appium-bitrise-for-android-apps,/integrations/steps/appium-server
/blog/post/release-finance-apps-quickly-and-confidently-with-devsecops,/blog/post/devsecops-security-mobile-cicd
/blog/post/waste-no-time-on-manual-testing-with-autifys-ai-powered-test-automation-step-on-bitrise,/integrations/steps/autify-test-run
/blog/post/automated-release-management-streamlining-ios-app-releases,/solutions/technologies/ios
/blog/post/manage-and-store-bitriseyml-in-git,"https://devcenter.bitrise.io/en/builds/configuring-build-settings/managing-an-app-s-bitrise-yml-file.html#:~:text=level%20Env%20Vars.-,The%20bitrise.,you%20actually%20modify%20the%20bitrise."
/blog/post/the-role-of-devsecops-in-finance-app-development,/blog/post/devsecops-security-mobile-cicd
/blog/post/tune-your-bitrise-workflows-using-cache-in-steps,/integrations/steps/cache-push
/blog/post/deploy-with-confidence-new-integration-with-configcats-feature-flag-service,/integrations/steps/configcat-feature-flag-sync
/blog/post/ci-cd-caching-with-bitrise-dependency-caching-then-vs-now,/platform/build-cache
/blog/post/monitor-and-improve-your-bitrise-performance-with-build-insights,/platform/devops/insights
/blog/post/take-your-mobile-monitoring-to-the-next-level,/blog/post/how-to-boost-app-engagement-with-mobile-application-performance-monitoring-apm
/blog/post/deliver-pixel-perfect-apps-with-kobitons-test-automation-steps,/integrations/steps/kobiton-app-upload
/blog/post/connecting-github-to-bitrise,https://devcenter.bitrise.io/en/accounts/connecting-to-services/connecting-your-github-gitlab-bitbucket-account-to-bitrise.html
/blog/post/streamlining-your-ios-release-process-with-bitrises-automated-release-management-stay-informed-with-automated-notifications,/platform/release-management
/blog/post/deploying-expo-react-native-to-appetize,/integrations/steps/appetize-deploy
/blog/post/genymotion-cloud-the-first-bitrise-verified-step,/integrations/steps/genymotion-saas-install-gmsaas-cli
/blog/post/mobile-app-distribution-made-easy-introducing-applivery-integrations,/integrations/steps/applivery-android
/blog/post/introducing-solid-and-snappy-virtual-device-testing-for-android,https://devcenter.bitrise.io/en/testing/device-testing-for-android.html
/blog/post/react-native-expo-eject-step-available,/integrations/steps/expo-detach
/blog/post/shave-10-90-off-of-run-time-with-the-new-2-0-7-deploy-to-bitrise-io-step,/integrations/steps/deploy-to-bitrise-io
/blog/post/the-state-of-app-development-in-2021,/blog/post/the-state-of-mobile-app-development-in-2022
/blog/post/getting-ready-for-mobile-ci-cd-on-apple-silicon-m1,/platform/build-platform/apple-silicon
/blog/post/introducing-build-insights-pro-for-build-and-test-analytics,/platform/devops/insights
/blog/post/mobile-app-security-made-easy-with-appsweeps-verified-step,/integrations/steps/scan-with-appsweep
/blog/post/protect-your-app-from-cyberattacks-with-app-ray,/integrations/steps/app-ray-mobile-security
/blog/post/build-your-app-on-scalable-m1-apple-silicon-in-the-cloud,/platform/build-platform/apple-silicon
/blog/post/how-to-use-mobile-devops-to-level-up-your-teams-mobile-skills,/platform/mobile-devops
/blog/post/the-repeato-bitrise-verified-step-codeless-ui-testing-for-mobile-apps,/integrations/steps/repeato-test-runner
/blog/post/scalable-mobile-app-security-testing-with-the-new-nowsecure-integration-on-bitrise,/integrations/steps/bitrise-step-nowsecure-auto-analysis
/blog/post/ship-mobile-apps-faster-with-the-waldo-verified-step,/integrations/steps/waldo-upload
/blog/post/introducing-universal-apk-export-from-aab,/integrations/steps/bitrise-step-export-universal-apk
/blog/tags/2017,/blog
/blog/tags/2018,/blog
/blog/tags/ci-cd-monitoring-dashboard-for-build-pipelines-2,/blog
/blog/tags/contributor,/blog
/blog/tags/elite,/blog
/blog/tags/artifacts,/blog
/blog/tags/owner,/blog
/blog/tags/community,/blog
/blog/tags/deep-dive,/blog
/blog/tags/analytics,/blog
/blog/tags/bitrise-insights,/blog
/blog/tags/chatbot,/blog
/blog/tags/app-impact,/blog
/blog/tags/appetize,/blog
/blog/tags/berlin,/blog
/blog/tags/confluence,/blog
/blog/tags/2022,/blog
/blog/tags/alexa,/blog
/blog/tags/build,/blog
/blog/tags/culture,/blog
/blog/tags/cocoapods,/blog
/blog/tags/business-continuity,/blog
/blog/tags/delivery,/blog
/blog/tags/enhancement,/blog
/blog/tags/crashlytics,/blog
/blog/tags/data,/blog
/blog/tags/configure,/blog
/blog/tags/announcement,/blog
/blog/tags/design-patterns,/blog
/blog/tags/meetup,/blog
/blog/tags/deep-space-travels,/blog
/blog/tags/augmented-reality,/blog
/blog/tags/bash,/blog
/blog/tags/devcenter,/blog
/blog/tags/germany,/blog
/blog/tags/2021,/blog
/blog/tags/ifttt,/blog
/blog/tags/2020,/blog
/blog/tags/avatar,/blog
/blog/tags/ama,/blog
/blog/tags/cryptography,/blog
/blog/tags/coding,/blog
/blog/tags/cake,/blog
/blog/tags/jira,/blog
/blog/tags/internal-platform-team,/blog
/blog/tags/changelog,/blog
/blog/tags/acquisitions,/blog
/blog/tags/database,/blog
/blog/tags/client,/blog
/blog/tags/blog,/blog
/blog/tags/ci-cd-monitoring-dashboard-for-build-pipelines,/blog
/blog/tags/covid,/blog
/blog/tags/hardware,/blog
/blog/tags/icon,/blog
/blog/tags/email,/blog
/blog/tags/engineering,/blog
/blog/tags/customer-engagement,/blog
/blog/tags/london,/blog
/blog/tags/bath,/blog
/blog/tags/altconf,/blog
/blog/tags/conference,/blog
/blog/tags/cordova,/blog
/blog/tags/ci-cd-monitoring-dashboard-for-build-pipelines-3,/blog
/blog/tags/apple-developer-connection,/blog
/blog/tags/development,/blog
/blog/tags/meeting,/blog
/blog/tags/fun,/blog
/blog/tags/icons,/blog
/blog/tags/outlyer,/blog
/blog/tags/brew,/blog
/blog/tags/authentication,/blog
/blog/tags/emulator,/blog
/blog/tags/danger,/blog
/blog/tags/2019,/blog
/blog/tags/go,/blog
/blog/tags/frenchkit,/blog
/blog/tags/developer-advocate,/blog
/blog/tags/expo,/blog
/blog/tags/2fa,/blog
/blog/tags/fintech,/blog
/blog/tags/launch,/blog
/blog/tags/image,/blog
/blog/tags/flare-build,/blog
/blog/tags/cpu,/blog
/blog/tags/gen2,/blog
/blog/tags/git,/blog
/blog/tags/mobile-shopping,/blog
/blog/tags/event,/blog
/blog/tags/apps,/blog
/blog/tags/csv,/blog
/blog/tags/app,/blog
/blog/tags/guest-post,/blog
/blog/tags/company,/blog
/blog/tags/json,/blog
/blog/tags/allowlist,/blog
/blog/tags/guides,/blog
/blog/tags/features,/blog
/blog/tags/ktlint,/blog
/blog/tags/japan,/blog
/blog/tags/mobile-trends-2022,/blog
/blog/tags/refactoring,/blog
/blog/tags/e-book,/blog
/blog/tags/hiring,/blog
/blog/tags/fabric,/blog
/blog/tags/recap,/blog
/blog/tags/redesign,/blog
/blog/tags/expansion,/blog
/blog/tags/gif,/blog
/blog/tags/final,/blog
/blog/tags/featured,/blog
/blog/tags/reading,/blog
/blog/tags/policy,/blog
/blog/tags/process,/blog
/blog/tags/realm,/blog
/blog/tags/swift,/blog
/blog/tags/status,/blog
/blog/tags/secrets,/blog
/blog/tags/parsing,/blog
/blog/tags/state-of-apps,/blog
/blog/tags/ri-ben-yu,/blog
/blog/tags/team,/blog
/blog/tags/stack,/blog
/blog/tags/plan,/blog
/blog/tags/jobs,/blog
/blog/tags/revision,/blog
/blog/tags/writing,/blog
/blog/tags/devsecops,/blog
/blog/tags/series-b,/blog
/blog/tags/stacks,/blog
/blog/tags/interview,/blog
/blog/tags/zsh,/blog
/blog/tags/gem,/blog
/blog/tags/tfa,/blog
/blog/tags/gitlab,/blog
/blog/tags/white-label-apps,/blog
/blog/tags/podcast,/blog
/blog/tags/pull-requests,/blog
/blog/tags/ipad,/blog
/blog/tags/mobile-app,/blog
/blog/tags/packages,/blog
/blog/tags/scrum,/blog
/blog/tags/teams,/blog
/blog/tags/pricing,/blog
/blog/tags/taipei,/blog
/blog/tags/roundup,/blog
/blog/tags/mobile-devops-summit,/blog
/blog/tags/jakarta,/blog
/blog/tags/profile,/blog
/blog/tags/series-c,/blog
/blog/tags/jshell,/blog
/blog/tags/web,/blog
/blog/tags/open-source,/blog
/blog/tags/secret,/blog
/blog/tags/virtual-machine,/blog
/blog/tags/xamarin,/blog
/blog/tags/womenintech,/blog
/blog/tags/script,/blog
/blog/tags/video,/blog
/blog/tags/tutorials,/blog
/blog/tags/forced-upgrading,/blog
/blog/tags/ubuntu,/blog
/blog/tags/funding,/blog
/blog/tags/trial,/blog
/blog/tags/voice-assistant,/blog
/blog/tags/support,/blog
/blog/tags/hacktoberfest,/blog
/blog/tags/tokyo,/blog
/blog/tags/simulator-runtimes,/blog
/blog/tags/volunteering,/blog
/blog/tags/wwdc,/blog
/blog/tags/report,/blog
/blog/tags/tutorial,/blog
/blog/tags/newsletter,/blog
/blog/tags/singapore,/blog
/blog/tags/slack,/blog
/blog/tags/remote,/blog
/blog/tags/verified-steps,/blog
/blog/tags/fix,/blog
/blog/tags/discuss,/blog
/blog/tags/web-app,/blog
/blog/tags/java,/blog
/blog/tags/google,/blog
/blog/tags/events,/blog
/blog/tags/indie,/blog
/blog/tags/iosdcjapan,/blog
/blog/tags/modas,/blog
/blog/tags/retreat,/blog
/blog/tags/ioninc,/blog
/blog/tags/tryswiftnyc,/blog
/blog/tags/fundraising,/blog
/blog/tags/retail,/blog
/blog/tags/research,/blog
/blog/tags/expert-program,/blog
/blog/tags/strategy,/blog
/blog/tags/survey,/blog
/blog/tags/project-scanner,/blog
/blog/tags/holiday,/blog
/blog/tags/highlights,/blog
/blog/tags/sqlite,/blog
/blog/tags/setup,/blog
/blog/tags/france,/blog
/blog/tags/organization,/blog
/blog/tags/mobile-commerce,/blog
/blog/tags/unity3d,/blog
/blog/tags/javascript,/blog
/blog/tags/sonarqube,/blog
/blog/tags/newyork,/blog
/blog/tags/hockeyapp,/blog
/blog/tags/google-io,/blog
/blog/tags/time-out,/blog
/blog/tags/speed,/blog
/blog/tags/update,/blog
/blog/tags/product,/blog
/blog/tags/shell,/blog
/blog/tags/upload,/blog
/blog/tags/filter,/blog
/blog/tags/door,/blog
/blog/tags/paris,/blog
/blog/tags/working-copy,/blog
/blog/tags/new-app,/blog
/blog/tags/usa,/blog
/blog/tags/simulator,/blog
/blog/tags/fsharp,/blog
/blog/tags/referral,/blog
/blog/tags/user-story,/blog
/blog/tags/debug,https://devcenter.bitrise.io/en/builds/build-data-and-troubleshooting/debugging-your-build-on-your-own-machine.html
/blog/tags/accessibility,/blog/post/an-introduction-to-mobile-app-accessibility
/blog/tags/code-signing,/blog/post/simplifying-automatic-code-signing-on-bitrise
/blog/tags/add-on,https://devcenter.bitrise.io/en/references/bitrise-add-ons.html
/blog/tags/ai,/blog/post/ai-and-machine-learning-mobile-testing-tools
/blog/tags/bug,/blog/post/how-to-boost-app-engagement-with-mobile-application-performance-monitoring-apm
/blog/tags/build-log,/blog/post/build-log-grouping-introducing-a-new-and-improved-build-log-feature-for-mobile-app-developers
/blog/tags/code-review,/blog/post/automating-code-review-tasks-for-multi-module-android-projects
/blog/tags/dashboard,/platform/devops/insights
/blog/tags/compliance,/platform/devops/security
/blog/tags/dependency-cache,/platform/devops/dependency-caching
/blog/tags/cache,/blog/post/ci-cd-caching-with-bitrise-what-is-cache-and-why-you-should-care-about-caching
/blog/tags/build-pipelines,https://devcenter.bitrise.io/en/builds/build-pipelines.html
/blog/tags/bitbucket,/integrations/steps/bitbucket-server-post-build-status
/blog/tags/cli,https://app.bitrise.io/cli
/blog/tags/code-coverage,https://devcenter.bitrise.io/en/testing/measuring-your-code-coverage-with-codecov.html
/blog/tags/automated-testing,/platform/build-cache
/blog/tags/bazel,platform/devops/build-caching/bazel
/blog/tags/automation,/blog/post/codeless-automation-testing-tools-for-mobile-an-overview-and-10-tools-to-get-you-started
/blog/tags/codesigndoc,/blog/post/simplifying-automatic-code-signing-on-bitrise
/blog/tags/key-based-caching,https://devcenter.bitrise.io/en/dependencies-and-caching/key-based-caching.html
/blog/tags/debugging,https://devcenter.bitrise.io/en/builds/build-data-and-troubleshooting/debugging-your-build-on-your-own-machine.html
/blog/tags/clickup,/blog
/blog/tags/google-play-store,https://devcenter.bitrise.io/en/deploying/android-deployment/deploying-android-apps-to-bitrise-and-google-play.html
/blog/tags/caching,/blog/post/ci-cd-caching-with-bitrise-what-is-cache-and-why-you-should-care-about-caching
/blog/tags/fastlane,/integrations/steps/fastlane
/blog/tags/cross-platform,/platform/mobile-devops
/blog/tags/api,/blog/post/bitrise-api-build-custom-integrations
/blog/tags/artifact,https://devcenter.bitrise.io/en/api/managing-build-artifacts.html
/blog/tags/codesigning,/blog/post/simplifying-automatic-code-signing-on-bitrise
/blog/tags/apple,/platform/build-platform/apple-silicon
/blog/tags/devops,/platform/mobile-devops
/blog/tags/deploy,/platform/mobile-devops
/blog/tags/net-core,/blog
/blog/tags/gdpr,/platform/devops/security
/blog/tags/deployment,/platform/mobile-devops
/blog/tags/customer-stories,/customer-stories
/blog/tags/infrastructure,https://devcenter.bitrise.io/en/infrastructure.html
/blog/tags/ci-cd,/platform/bitrise-ci
/blog/tags/apm,/blog/post/how-to-boost-app-engagement-with-mobile-application-performance-monitoring-apm
/blog/tags/builds,https://devcenter.bitrise.io/en/builds.html
/blog/tags/deprecation,https://devcenter.bitrise.io/en/infrastructure/build-stacks/stack-deprecation-and-removal-policy.html
/blog/tags/banking,/solutions/finance
/blog/tags/azure,/blog/post/react-native-devops-using-ci-cd-pipelines-to-deploy-react-native-apps
/blog/tags/build-time,/blog/post/monitoring-and-optimizing-your-slowest-mobile-builds
/blog/tags/gradle,/platform/devops/build-caching/gradle
/blog/tags/cicd,/platform/bitrise-ci
/blog/tags/genymotion,/integrations/steps/genymotion-saas-install-gmsaas-cli
/blog/tags/aws,/integrations/steps/aws-device-farm-runner
/blog/tags/addon,https://devcenter.bitrise.io/en/references/bitrise-add-ons.html
/blog/tags/asmr,/blog
/blog/tags/hoverfly,/blog
/blog/tags/provisioning,/blog/post/understanding-provisioning-for-ios-applications
/blog/tags/monitoring-dashboard,/platform/devops/insights
/blog/tags/onboarding,/blog/post/a-brief-guide-to-effective-onboarding-for-mobile-engineering-teams
/blog/tags/hotfix,/blog/post/git-flow-and-github-checks-with-hotfix
/blog/tags/ios,/solutions/technologies/ios
/blog/tags/notification,https://devcenter.bitrise.io/en/builds/configuring-build-settings/configuring-email-notifications.html
/blog/tags/feature-flags,/blog/post/a-guide-to-feature-flags-in-mobile-development
/blog/tags/ssh,https://devcenter.bitrise.io/en/connectivity/configuring-ssh-keys.html
/blog/tags/security,/platform/devops/security
/blog/tags/self-hosted,/resources/compare/bitrise-vs-jenkins
/blog/tags/step,/platform/devops/steps-and-workflows
/blog/tags/whitepaper,/resources/whitepapers
/blog/tags/workflow,/platform/devops/steps-and-workflows
/blog/tags/linux,/blog/post/build-and-deploy-a-flutter-desktop-app-for-linux
/blog/tags/log,/platform/devops/audit-log-connector
/blog/tags/worfklow,/platform/devops/steps-and-workflows
/blog/tags/reactnative,/solutions/technologies/react-native
/blog/tags/kotlin,/blog/post/getting-started-with-kotlin-multiplatform-mobile-kmm
/blog/tags/lambda,/blog/post/alexa-for-bitrise-ci-cd-introduction-to-serverless-with-aws-lambda-and-bitrise-api-part-1
/blog/tags/parallel-testing,/platform/devops/pipeline
/blog/tags/ui-testing,/blog/post/the-ultimate-guide-to-unit-and-ui-testing-for-beginners-in-swift
/blog/tags/trace,/blog
/blog/tags/super-apps,/blog/post/the-rise-of-super-apps-a-win-win-or-winner-takes-all-phenomenon
/blog/tags/yml,/blog/post/edit-your-yaml-files-like-a-boss
/blog/tags/terminal,https://app.bitrise.io/cli
/blog/tags/localization,/blog/post/building-mobile-apps-for-a-global-audience
/blog/tags/xcode,/solutions/technologies/ios
/blog/tags/super-app-platform,/blog/post/the-rise-of-super-apps-a-win-win-or-winner-takes-all-phenomenon
/blog/tags/versioning,https://devcenter.bitrise.io/en/builds/build-numbering-and-app-versioning.html
/blog/tags/snapshot-testing,/blog/post/snapshot-testing-in-ios-testing-the-ui-and-beyond
/blog/tags/insights,/platform/devops/insights
/blog/tags/testing,/platform/devops/mobile-test-reporting
/blog/tags/super-app,/blog/post/the-rise-of-super-apps-a-win-win-or-winner-takes-all-phenomenon
/blog/tags/token,https://devcenter.bitrise.io/en/accounts/personal-access-tokens.html
/blog/tags/ecommerce,/blog/post/accelerate-e-commerce-mobile-development-mobile-devops
/blog/tags/yaml,/blog/post/edit-your-yaml-files-like-a-boss
/blog/tags/release-cycles,/blog/post/automation-for-shorter-release-cycles
/blog/tags/xplenty,/blog/post/unloading-github-data-by-xplenty
/blog/tags/mobile-release-train,/platform/release-management
/blog/tags/trigger,https://devcenter.bitrise.io/en/builds/starting-builds/triggering-builds-automatically.html
/blog/tags/macos,/platform/build-platform/apple-silicon
/blog/tags/unit-testing,/blog/post/the-ultimate-guide-to-unit-and-ui-testing-for-beginners-in-swift
/blog/tags/ui-tests,/blog/post/the-ultimate-guide-to-unit-and-ui-testing-for-beginners-in-swift
/blog/tags/powershell,/blog/post/managing-data-with-powershell
/blog/tags/unit-test,/blog/post/the-ultimate-guide-to-unit-and-ui-testing-for-beginners-in-swift
/blog/tags/workflows,/platform/devops/steps-and-workflows
/blog/tags/flutter,/solutions/technologies/flutter
/blog/tags/xcode-cloud,/integrations/steps/xcode-test
/blog/tags/webhook,https://devcenter.bitrise.io/en/connectivity/webhooks.html
/blog/tags/ux,/blog
/blog/tags/steps,/platform/devops/steps-and-workflows
/blog/tags/monitoring,/blog/post/5-metrics-for-monitoring-mobile-ci-cd-performance-using-bitrise-insights
/blog/tags/finance,/solutions/finance
/blog/tags/webinar,/resources/webinars
/blog/tags/firebase,https://devcenter.bitrise.io/en/testing/device-testing-with-firebase.html
/blog/tags/react-native,/solutions/technologies/react-native
/blog/tags/workflows-android,/platform/devops/steps-and-workflows
/blog/tags/soc2,/platform/devops/security
/blog/tags/github,https://devcenter.bitrise.io/en/connectivity/connecting-to-services/connecting-self-hosted-gitlab-instances.html
/blog/tags/iosdc,/resources/events
/blog/tags/mobile-devops,/platform/mobile-devops
/blog/tags/pipeline,/platform/devops/pipeline
/blog/tags/jenkins,/resources/compare/bitrise-vs-jenkins
/blog/tags/hipchat,/integrations/steps/hipchat
/blog/tags/webhooks,https://devcenter.bitrise.io/en/connectivity/webhooks.html
/blog/tags/migration,https://devcenter.bitrise.io/en/getting-started/migrating-to-bitrise.html
/blog/tags/release,/platform/release-management
/blog/tags/unity,https://discuss.bitrise.io/t/how-to-build-a-unity-project/1317
/blog/tags/ionic,/solutions/technologies/ionic
/blog/tags/m1,/platform/build-platform/apple-silicon
/blog/tags/integration,/platform/devops/steps-and-workflows
/blog/categories/japanese,/blog/language/japanese
/blog/categories/engineering,/blog/categories/app-development
/blog/categories/magyarul,/blog/language/magyar
/blog/categories/design,/blog/categories/bitrise-community
/blog/categories/guest-post,/blog
/blog/categories/usecases,/blog/categories/app-development
/blog/categories/announcement,/blog/categories/product-updates
/blog/categories/insight,/blog/categories/bitrise-community
/blog/categories/company,/blog/categories/bitrise-community
/blog/categories/releases,/blog/categories/product-updates
/blog/categories/community,/blog/categories/bitrise-community
/blog/authors,/blog
/blog/write-for-us,/blog/contribute
/platform/build-platform/bitrise-agent,/platform/devops/build-platform/bitrise-agent
/platform/build-platform/bitrise-agent/aws,/platform/build-platform/bitrise-on-aws
/platform/build-platform/virtualized-m1-environment,/platform/build-platform/apple-silicon
/plans-pricing/enterprise,/platform/devops/build-platform
/platform/devops,/platform/mobile-devops
/platform/caching,/platform/build-cache
/platform/devops/devops-build-caching,/platform/build-cache
/platform/caching/bazel,platform/devops/build-caching/bazel
/platform/caching/gradle,/platform/devops/build-caching/gradle
/platform/devops-build-caching,/platform/build-cache
/blog/2017/01/27/state-of-app-development-in-2016.html,/blog/post/the-state-of-mobile-app-development-in-2022
/blog/2016/09/21/xcode-8-and-automatic-code-signing.html,/blog/post/xcode-8-and-automatic-code-signing
/mergeconflict,https://app.bitrise.io/users/sign_up
/blog/ios-auto-provision-step,/blog/post/automatic-code-signing-ios-apps-with-the-xcode-archive-export-for-ios-step
/blog/post/how-to-set-up-cross-browser-testing-services,/blog/post/scale-up-your-ios-automated-ui-tests
/blog/2017/08/15/new-export-options-plist-in-Xcode-9.html,/blog/post/xcode-8-and-automatic-code-signing
/blog/post/ios-auto-provision-step,/blog/post/xcode-8-and-automatic-code-signing
/dashboard,https://app.bitrise.io/dashboard
/integrations/steps,/integrations
/platform/devops/build-platform/virtualized-m1-environment,/platform/build-platform/apple-silicon
/boost-your-builds-and-app-performance-with-xcode-16-now-available-on-bitrise,/xcode-16-is-now-available-on-bitrise-with-major-stack-updates
/bitrise-email-preference-updated,/email-preference-updated
/platform/devops/release-management-v2,/platform/release-management
/downloads/automated-release-management-for-mobile-apps,/whitepapers/release-management-automated-release-management-for-mobile-apps
/downloads/mobile-ci-after-jenkins,https://yo.bitrise.io/mobile-ci-after-jenkins
/plans-pricing,/pricing
/plans-pricing-pro-plan-variant,/pricing
/blog/post/build-pipelines-efficient-ci-cd-workflows-with-parallelization,/
/platform/caching/platform/devops/build-caching/bazel,/
/app-center-alternative---google-ads-landing,/app-center-alternative
/resources/events/paris-event,/resources/events/bitrise-buildfast-club-paris-2025
/whitepapers/mobile-product-success-in-finance-and-banking-2022,/whitepapers/mobile-product-success-in-finance-and-banking-2024
/downloads/mobile-product-success-in-finance-report-2022,/whitepapers/mobile-product-success-in-finance-and-banking-2024
/plans-pricing/velocity,/pricing
/roi-calculator-dan,/platform-calculator
/whitepapers/platform-value-calculator,/platform-calculator
/ready-to-deploy-on-bitrise-data-center-in-the-eu--3,/build-faster-with-bazel-remote-build-execution-beta-registration
/resources/events/bitrise-connect-berlin-rooftop-edition,/resources/events/bitrise-connect-berlin-edition
/ready-to-deploy-on-bitrise-data-center-in-the-eu-2,/accelerate-gradle-testing-on-bitrise-test-distribution-beta-registration
/ready-to-deploy-on-bitrise-data-center-in-the-eu-3,/build-faster-with-bazel-remote-build-execution-beta-registration
/ty---ebook--level-up-your-ios-game,/ty-ebook-level-up-your-ios-game
/startup,/solutions/startup
/enterprise,/solutions/enterprise
/scaleups,/solutions/scaleup
/ecommerce,/solutions/ecommerce
/finance,/solutions/finance
/dedicated-build-platform,/platform/build-platform/dedicated-build-platform
/platform/devops/build-platform/dedicated-build-platform,/platform/build-platform/dedicated-build-platform
/roi-calculator,/build-cache-calculator
/blog/post/build-pipelines-beta-now-available-for-all-bitrise-users,/blog/post/introducing-graph-pipelines-build-faster-build-smarter
/platform/build-platform/public-build-platform,/platform/build-platform/bitrise-build-platform
/platform/build-platform/bitrise-runner,/platform/build-platform/bitrise-runners
/platform/devops/build-platform/aws,/platform/build-platform/bitrise-on-aws
/solutions/industries/nonprofit,/solutions/nonprofit
/solutions/industries/finance-banking,/solutions/finance
/solutions/industries/shopping,/solutions/ecommerce
/downloads/the-leading-microsoft-app-center-alternative,/the-leading-microsoft-app-center-alternative
/blog/post/building-with-parallel-xcode-versions-on-bitrise,https://docs.bitrise.io/en/bitrise-ci/run-and-analyze-builds/starting-builds/starting-parallel-builds-with-a-single-trigger.html
/blog/post/using-bitrise-ci-for-android-apps,/solutions/technologies/android
/blog/tags/android-3,/solutions/technologies/android
/blog/tags/android,/solutions/technologies/android
/blog/tags/android-2,/solutions/technologies/android
/features/android-features,/solutions/technologies/android
/platform/devops/build-platform/enterprise,/platform/devops/build-platform
/bitrise-mobile-insights-2025,/insights
/platform/devops/build-platform/virtualized-apple-silicon-environment,/platform/build-platform/apple-silicon
/whitepapers/bitrise-mobile-insights-2025-is-here,/insights
/solutions/bitrise-ai,/platform/bitrise-ai
/resources/compare/jenkins,/resources/compare/bitrise-vs-jenkins
/customer-stories/reddit,/customer-stories
/blog/post/why-build-it-if-you-can-buy-it-unparalleled-release-management-in-ci-cd,/blog
/blog/post/the-role-of-release-management-in-devops,/blog
/blog/post/cook-up-the-perfect-workflow-with-workflow-recipes,/blog
/solutions/use-cases/continuous-integration,/platform/bitrise-ci
/case-studies/qonto,/customer-stories
/customer-stories/transferwise,/customer-stories
/customer-stories/neo-financial,/customer-stories
/platform/devops-platform,/platform/mobile-devops
/solutions/use-cases/mobile-devops,/platform/mobile-devops
/why/features/mobile-devops,/platform/mobile-devops
/case-studies/tapcart,/customer-stories/tapcart
/case-studies/hyatt,/customer-stories/hyatt
/case-studies/elli,/customer-stories/elli
/case-studies/rightmove,/customer-stories/rightmove
/case-studies/apadmi,/customer-stories/apadmi
/case-studies/shopify,/customer-stories/shopify
/case-studies/android-testify,/customer-stories/android-testify
/case-studies/redfin,/customer-stories/redfin
/case-studies/maven-clinic,/customer-stories/maven-clinic
/case-studies/buzzfeed,/customer-stories/buzzfeed
/blog/post/how-we-brought-ai-to-the-bitrise-build-cloud,/blog/post/how-we-brought-ai-to-the-bitrise-build-hub
/platform/devops/release-management,/platform/release-management
/platform/devops/build-caching,/platform/build-cache
/whitepapers/app-navigator,/resources/tools/app-navigator
/influencer-collaboration,/mclp/ship-ios-features-from-commit-to-testflight
/guides/what-is-yaml,/guides/yaml
/partnerships/browserstack,/
/blog/post/the-devops-impact-comparing-organizations-with-and-without-devops-practices,/guides/devops
/guides/what-is-continuous-delivery,guides/continuous-delivery
/blog/post/the-lifecycle-in-devops-vs-in-mobile-devops,/guides/mobile-devops
/blog/post/what-is-devops-or-mobile-devops,/guides/mobile-devops
/customers,/customer-stories
/case-studies,/customer-stories
/case-studies/substack,/customer-stories/substack
/case-studies/test-how-bitrise-empowers-qonto-to-deliver-faster-and-enhance-customer-satisfaction,/customer-stories
/integrations/partners,/integrations
/platform/devops/release-management-old,/platform/release-management
/blog/post/what-is-devsecops-a-look-into-security-and-devops,/guides/devsecops
/blog/post/mastering-the-art-of-mobile-app-releases,/guides/mobile-release-management
/old/case-studies/substack,/customer-stories/substack
/old/case-studies,/customer-stories
/old/case-studies/buzzfeed,/customer-stories/buzzfeed
/old/case-studies/maven-clinic,/customer-stories/maven-clinic
/old/case-studies/redfin,/customer-stories/redfin
/old/case-studies/android-testify,/customer-stories/android-testify
/old/case-studies/shopify,/customer-stories/shopify
/old/case-studies/apadmi,/customer-stories/apadmi
/old/case-studies/rightmove,/customer-stories/rightmove
/old/case-studies/elli,/customer-stories/elli
/old/case-studies/hyatt,/customer-stories/hyatt
/old/case-studies/tapcart,/customer-stories/tapcart
/old/old-home-1,/
/old/partners,/integrations
/old/jenkins,/resources/compare/bitrise-vs-jenkins
/old/tuist,/blog/post/tuist-bitrise-build-cache-update
/old/enterprise,/platform/devops/build-platform
/old/virtualized-apple-silicon-environment-test,/platform/build-platform/apple-silicon
/old/virtualized-apple-silicon-environment,/platform/build-platform/apple-silicon
/old/virtualized-m1-environment,/platform/build-platform/apple-silicon
/old/aws,/platform/build-platform/bitrise-on-aws
/old/release-management,/platform/release-management
/old/release-management-old,/platform/release-management
/old/devops-platform,/platform/mobile-devops
/old/home-copy-old,/
/old/home-old,/
/old/build-caching,/platform/build-cache
/blog/post/how-to-manage-the-release-process-for-android-apps,/guides/mobile-release-management
/blog/post/mobile-ci-cd-a-noobs-guide-for-mobile-app-developers,/guides/mobile-cicd
/blog/post/your-guide-to-devops-and-ci-cd-in-mobile-development,/guides/mobile-cicd
/platform/react-native-build-cache-for-any-ci,/platform/build-cache/react-native
/release-management,/platform/release-management
